<Customization level="2" description="" product-version="19.205">
    <File AppRelativePath="Bin\MSTeamsIntegration.dll" />
    <File AppRelativePath="Pages\MS\MS101010.aspx" />
    <File AppRelativePath="Pages\MS\MS101010.aspx.cs" />
    <SiteMapNode>
        <data-set>
            <relations format-version="3" relations-version="20190630" main-table="SiteMap">
                <link from="MUIScreen (NodeID)" to="SiteMap (NodeID)" />
                <link from="MUIWorkspace (WorkspaceID)" to="MUIScreen (WorkspaceID)" type="FromMaster" linkname="workspaceToScreen" split-location="yes" updateable="True" />
                <link from="MUISubcategory (SubcategoryID)" to="MUIScreen (SubcategoryID)" type="FromMaster" updateable="True" />
                <link from="MUITile (ScreenID)" to="SiteMap (ScreenID)" />
                <link from="MUIWorkspace (WorkspaceID)" to="MUITile (WorkspaceID)" type="FromMaster" linkname="workspaceToTile" split-location="yes" updateable="True" />
                <link from="MUIArea (AreaID)" to="MUIWorkspace (AreaID)" type="FromMaster" updateable="True" />
                <link from="MUIPinnedScreen (NodeID, WorkspaceID)" to="MUIScreen (NodeID, WorkspaceID)" type="WeakIfEmpty" isEmpty="Username" />
                <link from="MUIFavoriteWorkspace (WorkspaceID)" to="MUIWorkspace (WorkspaceID)" type="WeakIfEmpty" isEmpty="Username" />
            </relations>
            <layout>
                <table name="SiteMap">
                    <table name="MUIScreen" uplink="(NodeID) = (NodeID)">
                        <table name="MUIPinnedScreen" uplink="(NodeID, WorkspaceID) = (NodeID, WorkspaceID)" />
                    </table>
                    <table name="MUITile" uplink="(ScreenID) = (ScreenID)" />
                </table>
                <table name="MUIWorkspace">
                    <table name="MUIFavoriteWorkspace" uplink="(WorkspaceID) = (WorkspaceID)" />
                </table>
                <table name="MUISubcategory" />
                <table name="MUIArea" />
            </layout>
            <data>
                <SiteMap>
                    <row Title="Microsoft Teams Channel Profile" Url="~/Pages/MS/MS101010.aspx" ScreenID="MS101010" NodeID="ab94879e-02fe-4022-9713-ad5113ddabd5" ParentID="00000000-0000-0000-0000-000000000000">
                        <MUIScreen IsPortal="0" WorkspaceID="51ce11c7-dfb9-4637-8c8a-917b358e413c" Order="445" SubcategoryID="256f0d9d-3e83-49ad-9692-2199c0897d9b">
                            <MUIPinnedScreen IsPortal="0" Username="" IsPinned="1" />
                        </MUIScreen>
                    </row>
                </SiteMap>
                <MUIWorkspace>
                    <row IsPortal="0" WorkspaceID="51ce11c7-dfb9-4637-8c8a-917b358e413c" Order="784.5" Title="System Management" Icon="poll" AreaID="3635ea7d-0975-48ff-b4ac-a870f7e1e8b5" ScreenID="WSSM0000" IsSystem="0" />
                </MUIWorkspace>
                <MUISubcategory>
                    <row IsPortal="0" SubcategoryID="256f0d9d-3e83-49ad-9692-2199c0897d9b" Order="1391.5" Name="System Preferences" Icon="" IsSystem="0" />
                </MUISubcategory>
                <MUIArea>
                    <row IsPortal="0" AreaID="3635ea7d-0975-48ff-b4ac-a870f7e1e8b5" Order="30" Name="Configuration" />
                </MUIArea>
            </data>
        </data-set>
    </SiteMapNode>
    <Sql TableName="TeamsPlugin" TableSchemaXml="#CDATA">
        <CDATA name="TableSchemaXml"><![CDATA[<table name="TeamsPlugin">
  <col name="CompanyID" type="Int" default="Zero" />
  <col name="Name" type="NVarChar(250)" />
  <col name="IncomingWebhookName" type="NVarChar(100)" />
  <col name="IncomingWebhookURL" type="NVarChar(500)" />
  <col name="OutgoingWebhookName" type="NVarChar(100)" />
  <col name="OutlookWebhookToken" type="NVarChar(250)" />
  <col name="AcumaticaEndpointURL" type="NVarChar(500)" />
  <col name="tstamp" type="Timestamp" />
  <col name="CreatedByID" type="UniqueIdentifier" />
  <col name="CreatedByScreenID" type="Char(8)" />
  <col name="CreatedDateTime" type="DateTime" />
  <col name="LastModifiedByID" type="UniqueIdentifier" />
  <col name="LastModifiedByScreenID" type="Char(8)" />
  <col name="LastModifiedDateTime" type="DateTime" />
  <col name="NoteID" type="UniqueIdentifier" />
  <index name="PK_TeamsPlugin" clustered="true" primary="true" unique="true">
    <col name="CompanyID" />
    <col name="Name" />
  </index>
</table>]]></CDATA>
    </Sql>
</Customization>